{
    "species": {
        "model": "model_e186_2022_10_11_11_18_50.pth",
        "detected_species": [
            {
                "start": 0.0,
                "end": 1.92,
                "species": "ma uniformis",
                "predictions": {
                    "ma uniformis": 0.9999908208847046,
                    "an arabiensis": 8.931546290114056e-06,
                    "culex pipiens complex": 1.4300827899660362e-07,
                    "an coustani": 7.748244001959392e-08,
                    "ae aegypti": 4.002713183126616e-08,
                    "an funestus ss": 2.7618048292765707e-08,
                    "ma africanus": 7.45256123479976e-09,
                    "an squamosus": 5.159088711792492e-09
                }
            },
            {
                "start": 1.92,
                "end": 3.84,
                "species": "ma uniformis",
                "predictions": {
                    "ma uniformis": 0.999997615814209,
                    "an arabiensis": 1.977881083803368e-06,
                    "an coustani": 1.5129627684018487e-07,
                    "culex pipiens complex": 1.1186570247900818e-07,
                    "an funestus ss": 2.7004253055906702e-08,
                    "ae aegypti": 1.8664991330297198e-08,
                    "ma africanus": 1.2800654758393648e-08,
                    "an squamosus": 1.1392544685406847e-08
                }
            },
            {
                "start": 3.84,
                "end": 5.76,
                "species": "ma uniformis",
                "predictions": {
                    "ma uniformis": 0.9994799494743347,
                    "an arabiensis": 0.0004358106234576553,
                    "an coustani": 6.0281083278823644e-05,
                    "culex pipiens complex": 2.281372871948406e-05,
                    "ae aegypti": 7.313960281862819e-07,
                    "an funestus ss": 2.397230218775803e-07,
                    "an squamosus": 1.0768993519150172e-07,
                    "ma africanus": 6.214239789414933e-08
                }
            },
            {
                "start": 5.76,
                "end": 7.68,
                "species": "ma uniformis",
                "predictions": {
                    "ma uniformis": 0.9999923706054688,
                    "an arabiensis": 7.2228926910611335e-06,
                    "culex pipiens complex": 2.3832056683659175e-07,
                    "an coustani": 5.366446131915836e-08,
                    "ae aegypti": 3.662670877702112e-08,
                    "an squamosus": 7.13934555918172e-09,
                    "ma africanus": 6.286165810109878e-09,
                    "an funestus ss": 5.467623243049502e-09
                }
            },
            {
                "start": 7.68,
                "end": 9.6,
                "species": "ma uniformis",
                "predictions": {
                    "ma uniformis": 0.999961256980896,
                    "an arabiensis": 2.8347441912046634e-05,
                    "culex pipiens complex": 9.688622412795667e-06,
                    "an funestus ss": 2.7478557740323595e-07,
                    "an coustani": 2.1473860556397995e-07,
                    "ae aegypti": 1.5292954458345775e-07,
                    "ma africanus": 7.501416376953784e-08,
                    "an squamosus": 3.802831116672678e-08
                }
            },
            {
                "start": 9.6,
                "end": 11.52,
                "species": "ma uniformis",
                "predictions": {
                    "ma uniformis": 0.9999159574508667,
                    "an arabiensis": 4.7113910113694146e-05,
                    "culex pipiens complex": 3.4631382732186466e-05,
                    "an coustani": 1.952424099727068e-06,
                    "ae aegypti": 1.1254599741050697e-07,
                    "an funestus ss": 5.139828118672085e-08,
                    "an squamosus": 4.86292357493312e-08,
                    "ma africanus": 3.660568381746998e-08
                }
            },
            {
                "start": 11.52,
                "end": 13.44,
                "species": "ma uniformis",
                "predictions": {
                    "ma uniformis": 0.9999884366989136,
                    "culex pipiens complex": 7.885570084908977e-06,
                    "an arabiensis": 3.148251835227711e-06,
                    "an coustani": 3.071753837957658e-07,
                    "ae aegypti": 7.274510238630683e-08,
                    "an funestus ss": 3.6860150487427745e-08,
                    "ma africanus": 1.7396297735672306e-08,
                    "an squamosus": 1.3055892367219712e-08
                }
            },
            {
                "start": 13.44,
                "end": 15.36,
                "species": "ma uniformis",
                "predictions": {
                    "ma uniformis": 0.9999973773956299,
                    "an arabiensis": 1.8654453697308782e-06,
                    "culex pipiens complex": 5.953600066277431e-07,
                    "an coustani": 6.707188759946803e-08,
                    "ae aegypti": 2.3195260823172248e-08,
                    "an funestus ss": 8.769738712999242e-09,
                    "an squamosus": 7.516421263176198e-09,
                    "ma africanus": 3.1038196457444656e-09
                }
            },
            {
                "start": 15.36,
                "end": 17.28,
                "species": "ma uniformis",
                "predictions": {
                    "ma uniformis": 0.9995700716972351,
                    "an arabiensis": 0.0004279086133465171,
                    "culex pipiens complex": 1.4699297707920778e-06,
                    "an coustani": 3.0727039757039165e-07,
                    "ae aegypti": 7.397253654062297e-08,
                    "an funestus ss": 4.9418552805491345e-08,
                    "an squamosus": 4.6763030780994086e-08,
                    "ma africanus": 3.717183005846891e-08
                }
            },
            {
                "start": 32.64,
                "end": 34.56,
                "species": "ma uniformis",
                "predictions": {
                    "ma uniformis": 0.9999768733978271,
                    "culex pipiens complex": 1.3504010894394014e-05,
                    "an arabiensis": 4.389524292491842e-06,
                    "an coustani": 2.471757852617884e-06,
                    "an squamosus": 2.024789409915684e-06,
                    "ae aegypti": 3.4533195503172465e-07,
                    "ma africanus": 2.6427747457091755e-07,
                    "an funestus ss": 7.009811753277972e-08
                }
            },
            {
                "start": 34.56,
                "end": 36.480000000000004,
                "species": "ma uniformis",
                "predictions": {
                    "ma uniformis": 0.9999924898147583,
                    "an arabiensis": 5.7073043535638135e-06,
                    "culex pipiens complex": 1.7288321032538079e-06,
                    "an coustani": 7.212052821614634e-08,
                    "ae aegypti": 3.671028991902858e-08,
                    "an funestus ss": 2.7764240684291508e-08,
                    "an squamosus": 1.197518884055171e-08,
                    "ma africanus": 6.8558052568334915e-09
                }
            },
            {
                "start": 36.480000000000004,
                "end": 38.400000000000006,
                "species": "ma uniformis",
                "predictions": {
                    "ma uniformis": 0.9999009370803833,
                    "culex pipiens complex": 6.18866179138422e-05,
                    "an arabiensis": 3.5586999729275703e-05,
                    "an coustani": 5.933205216024362e-07,
                    "an funestus ss": 4.7395980118380976e-07,
                    "ae aegypti": 2.2030313573395688e-07,