{
    "species": {
        "model": "model_e186_2022_10_11_11_18_50.pth",
        "detected_species": [
            {
                "start": 0.0,
                "end": 1.92,
                "species": "an arabiensis",
                "predictions": {
                    "an arabiensis": 1.0,
                    "an squamosus": 1.4708501083759984e-09,
                    "culex pipiens complex": 9.38824684659778e-10,
                    "an coustani": 9.073699014372494e-10,
                    "an funestus ss": 3.707319173873458e-10,
                    "ae aegypti": 2.5927010538495665e-10,
                    "ma africanus": 2.541579169346164e-10,
                    "ma uniformis": 1.724096421185095e-10
                }
            },
            {
                "start": 1.92,
                "end": 3.84,
                "species": "an arabiensis",
                "predictions": {
                    "an arabiensis": 1.0,
                    "an coustani": 9.93904736290574e-10,
                    "an squamosus": 8.472310075724465e-10,
                    "ma uniformis": 5.600720442977547e-10,
                    "an funestus ss": 4.858422553155606e-10,
                    "culex pipiens complex": 4.734115321980426e-10,
                    "ma africanus": 3.962871697460457e-10,
                    "ae aegypti": 2.25993668223623e-10
                }
            },
            {
                "start": 3.84,
                "end": 5.76,
                "species": "an arabiensis",
                "predictions": {
                    "an arabiensis": 1.0,
                    "culex pipiens complex": 2.468422799495329e-08,
                    "ma africanus": 1.0872443390042008e-08,
                    "an squamosus": 1.9717281141140575e-09,
                    "an funestus ss": 1.7797524565210665e-09,
                    "ma uniformis": 7.073198138307646e-10,
                    "an coustani": 4.853948909477879e-10,
                    "ae aegypti": 1.5065769465305578e-10
                }
            },
            {
                "start": 5.76,
                "end": 7.68,
                "species": "an arabiensis",
                "predictions": {
                    "an arabiensis": 0.9999995231628418,
                    "an funestus ss": 4.2153951085310837e-07,
                    "an squamosus": 2.0648915466381368e-08,
                    "culex pipiens complex": 8.692336628257635e-09,
                    "ma uniformis": 3.3877818328420517e-09,
                    "an coustani": 2.3402604298894403e-09,
                    "ma africanus": 1.7579570021908353e-09,
                    "ae aegypti": 1.315576980687183e-09
                }
            },
            {
                "start": 11.52,
                "end": 13.44,
                "species": "an arabiensis",
                "predictions": {
                    "an arabiensis": 0.9999997615814209,
                    "ma uniformis": 8.454108524347248e-08,
                    "an coustani": 6.358605020295727e-08,
                    "ma africanus": 5.4094186907605035e-09,
                    "culex pipiens complex": 1.994090892409872e-09,
                    "ae aegypti": 1.7291025278254324e-09,
                    "an squamosus": 1.5880519121935777e-09,
                    "an funestus ss": 2.813394517353629e-10
                }
            },
            {
                "start": 13.44,
                "end": 15.36,
                "species": "an arabiensis",
                "predictions": {
                    "an arabiensis": 0.9999997615814209,
                    "an funestus ss": 2.2201905380825337e-07,
                    "ma africanus": 1.236700519768874e-09,
                    "an squamosus": 7.778765409582888e-10,
                    "an coustani": 7.617173558571722e-10,
                    "ma uniformis": 3.3987185288353317e-10,
                    "culex pipiens complex": 2.1287833995575767e-10,
                    "ae aegypti": 1.2032848328846768e-10
                }
            },
            {
                "start": 15.36,
                "end": 17.28,
                "species": "an arabiensis",
                "predictions": {
                    "an arabiensis": 0.9999998807907104,
                    "culex pipiens complex": 9.60405657224328e-08,
                    "an coustani": 1.7727469270312213e-08,
                    "an squamosus": 1.0553058871209942e-08,
                    "an funestus ss": 4.372625816984055e-09,
                    "ma africanus": 1.66663727263483e-09,
                    "ae aegypti": 3.8178582517645054e-10,
                    "ma uniformis": 2.7389915335795934e-10
                }
            },
            {
                "start": 17.28,
                "end": 19.200000000000003,
                "species": "an arabiensis",
                "predictions": {
                    "an arabiensis": 1.0,
                    "ma uniformis": 1.7106842165048874e-08,
                    "an funestus ss": 1.3789983377421322e-08,
                    "culex pipiens complex": 2.2815149769428444e-09,
                    "an coustani": 2.0298176472977048e-09,
                    "ae aegypti": 1.426570528373361e-09,
                    "an squamosus": 3.2840705155301464e-10,
                    "ma africanus": 2.428478251825794e-10
                }
            },
            {
                "start": 19.200000000000003,
                "end": 21.120000000000005,
                "species": "an arabiensis",
                "predictions": {
                    "an arabiensis": 1.0,
                    "an coustani": 2.243116581368554e-09,
                    "ae aegypti": 2.0868782257821294e-09,
                    "ma uniformis": 1.2943444094304368e-09,
                    "culex pipiens complex": 6.718006151373856e-10,
                    "ma africanus": 5.861393592709874e-10,
                    "an funestus ss": 4.005288878339286e-10,
                    "an squamosus": 2.4134938492181846e-10
                }
            },
            {
                "start": 21.120000000000005,
                "end": 23.040000000000006,
                "species": "an arabiensis",
                "predictions": {
                    "an arabiensis": 1.0,
                    "an squamosus": 3.84798104491324e-09,
                    "an funestus ss": 2.3084438804943375e-09,
                    "an coustani": 1.2592009657197423e-09,
                    "culex pipiens complex": 6.193912605034768e-10,
                    "ae aegypti": 4.0356790131923503e-10,
                    "ma uniformis": 1.6230712607256947e-10,
                    "ma africanus": 1.5094273053684049e-10
                }
            }
        ]
    },