{
    "species": {
        "model": "model_e186_2022_10_11_11_18_50.pth",
        "detected_species": [
            {
                "start": 0.0,
                "end": 1.92,
                "species": "ma uniformis",
                "predictions": {
                    "ma uniformis": 0.9998923540115356,
                    "an arabiensis": 0.00010493890295038,
                    "culex pipiens complex": 2.1820289930474246e-06,
                    "an coustani": 1.7829788134804403e-07,
                    "ae aegypti": 1.282881356701182e-07,
                    "an funestus ss": 1.1655607323746153e-07,
                    "ma africanus": 3.0362443226295e-08,
                    "an squamosus": 2.946861599184558e-08
                }
            },
            {
                "start": 1.92,
                "end": 3.84,
                "species": "ma uniformis",
                "predictions": {
                    "ma uniformis": 0.9990978240966797,
                    "an arabiensis": 0.0007977736531756818,
                    "culex pipiens complex": 9.844751912169158e-05,
                    "an coustani": 3.4010629406111548e-06,
                    "an funestus ss": 1.2267037163837813e-06,
                    "ae aegypti": 6.951808018129668e-07,
                    "ma africanus": 4.2015085455204826e-07,
                    "an squamosus": 2.365141114069047e-07
                }
            },
            {
                "start": 3.84,
                "end": 5.76,
                "species": "ma uniformis",
                "predictions": {
                    "ma uniformis": 0.9998359680175781,
                    "an arabiensis": 0.00014671552344225347,
                    "culex pipiens complex": 1.3512181794794742e-05,
                    "an coustani": 3.1128679438552354e-06,
                    "ae aegypti": 3.7247252748784376e-07,
                    "an funestus ss": 1.6127822277667292e-07,
                    "an squamosus": 9.895835262341279e-08,
                    "ma africanus": 3.149354199649679e-08
                }
            },
            {
                "start": 5.76,
                "end": 7.68,
                "species": "ma uniformis",
                "predictions": {
                    "ma uniformis": 0.999725878238678,
                    "an arabiensis": 0.0002665472566150129,
                    "culex pipiens complex": 6.896528248034883e-06,
                    "an coustani": 3.617676895828481e-07,
                    "ae aegypti": 2.51806142159694e-07,
                    "an funestus ss": 5.112152479114229e-08,
                    "an squamosus": 4.142956910868634e-08,
                    "ma africanus": 1.738638921722213e-08
                }
            },
            {
                "start": 7.68,
                "end": 9.6,
                "species": "ma uniformis",
                "predictions": {
                    "ma uniformis": 0.9997983574867249,
                    "culex pipiens complex": 0.00010958434722851962,
                    "an arabiensis": 9.000856516649947e-05,
                    "an funestus ss": 7.875739811424864e-07,
                    "an coustani": 6.175994258228457e-07,
                    "ae aegypti": 2.7764951937570004e-07,
                    "an squamosus": 2.2892972140198253e-07,
                    "ma africanus": 2.1122824023223075e-07
                }
            },
            {
                "start": 9.6,
                "end": 11.52,
                "species": "ma uniformis",
                "predictions": {
                    "ma uniformis": 0.9304493069648743,
                    "an arabiensis": 0.0674944594502449,
                    "culex pipiens complex": 0.0017844844842329621,
                    "an coustani": 0.00024024730373639613,
                    "ma africanus": 1.0223326171399094e-05,
                    "ae aegypti": 8.294487997773103e-06,
                    "an funestus ss": 7.212832770164823e-06,
                    "an squamosus": 5.801635325042298e-06
                }
            },
            {
                "start": 11.52,
                "end": 13.44,
                "species": "ma uniformis",
                "predictions": {
                    "ma uniformis": 0.9989469647407532,
                    "an arabiensis": 0.0005458052619360387,
                    "culex pipiens complex": 0.0004942002706229687,
                    "an coustani": 9.683253665571101e-06,
                    "an funestus ss": 1.607088620403374e-06,
                    "an squamosus": 6.924181548129127e-07,
                    "ae aegypti": 6.87251201725303e-07,
                    "ma africanus": 3.7983454603818245e-07
                }
            },
            {
                "start": 13.44,
                "end": 15.36,
                "species": "ma uniformis",
                "predictions": {
                    "ma uniformis": 0.9999294281005859,
                    "an arabiensis": 4.0225790144177154e-05,
                    "culex pipiens complex": 2.957310607598629e-05,
                    "an coustani": 4.912175199933699e-07,
                    "ae aegypti": 1.2298558260681602e-07,
                    "an funestus ss": 8.495491243820652e-08,
                    "an squamosus": 8.05446873641813e-08,
                    "ma africanus": 1.623781997750484e-08
                }
            },
            {
                "start": 15.36,
                "end": 17.28,
                "species": "ma uniformis",
                "predictions": {
                    "ma uniformis": 0.9994111061096191,
                    "an arabiensis": 0.0005860138917341828,
                    "culex pipiens complex": 1.9381179754418554e-06,
                    "an coustani": 6.384302650985774e-07,
                    "an funestus ss": 1.0322851551336498e-07,
                    "ae aegypti": 8.186493261064243e-08,
                    "ma africanus": 7.322832829004255e-08,
                    "an squamosus": 7.189694173348471e-08
                }
            },
            {
                "start": 32.64,
                "end": 34.56,
                "species": "ma uniformis",
                "predictions": {
                    "ma uniformis": 0.9999643564224243,
                    "culex pipiens complex": 2.240221328975167e-05,
                    "an arabiensis": 6.155974915600382e-06,
                    "an coustani": 3.4984620924660703e-06,
                    "an squamosus": 2.5166343675664393e-06,
                    "ae aegypti": 5.51766163425782e-07,
                    "ma africanus": 3.4641612955965684e-07,
                    "an funestus ss": 1.3480320149028557e-07
                }
            },
            {
                "start": 34.56,
                "end": 36.480000000000004,
                "species": "ma uniformis",
                "predictions": {
                    "ma uniformis": 0.9999891519546509,
                    "an arabiensis": 6.685721928079147e-06,
                    "culex pipiens complex": 3.997115072706947e-06,
                    "an coustani": 1.4161462047468376e-07,
                    "an funestus ss": 5.679669001779075e-08,
                    "ae aegypti": 4.88006079990555e-08,
                    "an squamosus": 2.2608197980389377e-08,
                    "ma africanus": 6.090080439946632e-09
                }
            },
            {
                "start": 36.480000000000004,
                "end": 38.400000000000006,
                "species": "ma uniformis",
                "predictions": {
                    "ma uniformis": 0.9997566342353821,
                    "culex pipiens complex": 0.00012931259698234499,
                    "an arabiensis": 0.00011261078179813921,
                    "an coustani": 7.499220373574644e-07,
                    "an funestus ss": 3.074385404033819e-07,
                    "ae aegypti": 2.1553515239247645e-07,
                    "an squamosus": 1.5709419187714957e-07,