{
    "species": {
        "model": "model_e186_2022_10_11_11_18_50.pth",
        "detected_species": [
            {
                "start": 0.0,
                "end": 1.92,
                "species": "an arabiensis",
                "predictions": {
                    "an arabiensis": 1.0,
                    "an squamosus": 1.4708472217961344e-09,
                    "culex pipiens complex": 9.38824684659778e-10,
                    "an coustani": 9.07366459745873e-10,
                    "an funestus ss": 3.7073330516612657e-10,
                    "ae aegypti": 2.5927010538495665e-10,
                    "ma africanus": 2.541583887794019e-10,
                    "ma uniformis": 1.724099613076291e-10
                }
            },
            {
                "start": 1.92,
                "end": 3.84,
                "species": "an arabiensis",
                "predictions": {
                    "an arabiensis": 1.0,
                    "an coustani": 9.93904736290574e-10,
                    "an squamosus": 8.472342272192179e-10,
                    "ma uniformis": 5.600730990096281e-10,
                    "an funestus ss": 4.858431990051315e-10,
                    "culex pipiens complex": 4.734124203764623e-10,
                    "ma africanus": 3.962864203455041e-10,
                    "ae aegypti": 2.25993668223623e-10
                }
            },
            {
                "start": 3.84,
                "end": 5.76,
                "species": "an arabiensis",
                "predictions": {
                    "an arabiensis": 1.0,
                    "culex pipiens complex": 2.4684322141865778e-08,
                    "ma africanus": 1.0872402533834702e-08,
                    "an squamosus": 1.9717281141140575e-09,
                    "an funestus ss": 1.7797557871901404e-09,
                    "ma uniformis": 7.073198138307646e-10,
                    "an coustani": 4.853958346373588e-10,
                    "ae aegypti": 1.5065741709729963e-10
                }
            },
            {
                "start": 5.76,
                "end": 7.68,
                "species": "an arabiensis",
                "predictions": {
                    "an arabiensis": 0.9999995231628418,
                    "an funestus ss": 4.2153828871960286e-07,
                    "an squamosus": 2.0648915466381368e-08,
                    "culex pipiens complex": 8.692369490859164e-09,
                    "ma uniformis": 3.38780115072268e-09,
                    "an coustani": 2.340269533718242e-09,
                    "ma africanus": 1.757966994198057e-09,
                    "ae aegypti": 1.3155795342001397e-09
                }
            },
            {
                "start": 11.52,
                "end": 13.44,
                "species": "an arabiensis",
                "predictions": {
                    "an arabiensis": 0.9999997615814209,
                    "ma uniformis": 8.454075839381403e-08,
                    "an coustani": 6.358592941069219e-08,
                    "ma africanus": 5.409408476708677e-09,
                    "culex pipiens complex": 1.9940833428933047e-09,
                    "ae aegypti": 1.7290925358182108e-09,
                    "an squamosus": 1.5880459169892447e-09,
                    "an funestus ss": 2.813378419119772e-10
                }
            },
            {
                "start": 13.44,
                "end": 15.36,
                "species": "an arabiensis",
                "predictions": {
                    "an arabiensis": 0.9999997615814209,
                    "an funestus ss": 2.2202074489996448e-07,
                    "ma africanus": 1.23670529372788e-09,
                    "an squamosus": 7.778824806514706e-10,
                    "an coustani": 7.617173558571722e-10,
                    "ma uniformis": 3.3987446190764103e-10,
                    "culex pipiens complex": 2.1287793749991124e-10,
                    "ae aegypti": 1.2032894125546534e-10
                }
            },
            {
                "start": 15.36,
                "end": 17.28,
                "species": "an arabiensis",
                "predictions": {
                    "an arabiensis": 0.9999998807907104,
                    "culex pipiens complex": 9.604166706367323e-08,
                    "an coustani": 1.772753677187211e-08,
                    "an squamosus": 1.0553079299313595e-08,
                    "an funestus ss": 4.372625816984055e-09,
                    "ma africanus": 1.6666436009060703e-09,
                    "ae aegypti": 3.8178729622195817e-10,
                    "ma uniformis": 2.739001803142571e-10
                }
            },
            {
                "start": 17.28,
                "end": 19.200000000000003,
                "species": "an arabiensis",
                "predictions": {
                    "an arabiensis": 1.0,
                    "ma uniformis": 1.710697361545499e-08,
                    "an funestus ss": 1.3789956732068731e-08,
                    "culex pipiens complex": 2.281519417834943e-09,
                    "an coustani": 2.0298176472977048e-09,
                    "ae aegypti": 1.4265733039309225e-09,
                    "an squamosus": 3.284076621756782e-10,
                    "ma africanus": 2.4284874111657473e-10
                }
            },
            {
                "start": 19.200000000000003,
                "end": 21.120000000000005,
                "species": "an arabiensis",
                "predictions": {
                    "an arabiensis": 1.0,
                    "an coustani": 2.243116581368554e-09,
                    "ae aegypti": 2.0868782257821294e-09,
                    "ma uniformis": 1.2943444094304368e-09,
                    "culex pipiens complex": 6.718006151373856e-10,
                    "ma africanus": 5.861382490479627e-10,
                    "an funestus ss": 4.005266118767281e-10,
                    "an squamosus": 2.413489408326086e-10
                }
            },
            {
                "start": 21.120000000000005,
                "end": 23.040000000000006,
                "species": "an arabiensis",
                "predictions": {
                    "an arabiensis": 1.0,
                    "an squamosus": 3.84795173502539e-09,
                    "an funestus ss": 2.3084263389705484e-09,
                    "an coustani": 1.2591986342513906e-09,
                    "culex pipiens complex": 6.193935919718285e-10,
                    "ae aegypti": 4.0356559760645894e-10,
                    "ma uniformis": 1.6230650157211812e-10,
                    "ma africanus": 1.5094243910329652e-10
                }
            }
        ]
    },