{
    "species": {
        "model": "model_e186_2022_10_11_11_18_50.pth",
        "detected_species": [
            {
                "start": 0.0,
                "end": 1.92,
                "species": "ma uniformis",
                "predictions": {
                    "ma uniformis": 0.9987742304801941,
                    "an arabiensis": 0.0012160760816186666,
                    "culex pipiens complex": 8.030912795220502e-06,
                    "an coustani": 7.700656965425878e-07,
                    "ae aegypti": 3.6882499898638343e-07,
                    "an funestus ss": 2.3102433033272973e-07,
                    "ma africanus": 1.2445130437299667e-07,
                    "an squamosus": 1.0094245084246722e-07
                }
            },
            {
                "start": 1.92,
                "end": 3.84,
                "species": "ma uniformis",
                "predictions": {
                    "ma uniformis": 0.9999731779098511,
                    "an arabiensis": 1.830970541050192e-05,
                    "culex pipiens complex": 7.592147539980942e-06,
                    "an coustani": 5.336750064088847e-07,
                    "ae aegypti": 1.3454200598062016e-07,
                    "an funestus ss": 1.0718085263761168e-07,
                    "ma africanus": 6.210195380162986e-08,
                    "an squamosus": 3.8805453073109675e-08
                }
            },
            {
                "start": 3.84,
                "end": 5.76,
                "species": "ma uniformis",
                "predictions": {
                    "ma uniformis": 0.99988853931427,
                    "an arabiensis": 9.509098890703171e-05,
                    "culex pipiens complex": 1.3792926438327413e-05,
                    "an coustani": 2.00261342797603e-06,
                    "ae aegypti": 2.830772416473337e-07,
                    "an funestus ss": 2.228917139746045e-07,
                    "an squamosus": 8.231027948113478e-08,
                    "ma africanus": 5.292289628755498e-08
                }
            },
            {
                "start": 5.76,
                "end": 7.68,
                "species": "ma uniformis",
                "predictions": {
                    "ma uniformis": 0.9999892711639404,
                    "an arabiensis": 7.930206265882589e-06,
                    "culex pipiens complex": 2.5455690320086433e-06,
                    "ae aegypti": 7.11998922042767e-08,
                    "an coustani": 6.068354707622348e-08,
                    "an squamosus": 4.1775781056685446e-08,
                    "an funestus ss": 3.4132447979118297e-08,
                    "ma africanus": 9.707970427541568e-09
                }
            },
            {
                "start": 7.68,
                "end": 9.6,
                "species": "ma uniformis",
                "predictions": {
                    "ma uniformis": 0.999702513217926,
                    "an arabiensis": 0.0001896555331768468,
                    "culex pipiens complex": 0.00010311519872630015,
                    "an coustani": 2.1774078504677163e-06,
                    "an funestus ss": 1.3941377119408571e-06,
                    "ae aegypti": 4.6284014842967736e-07,
                    "ma africanus": 4.364311223525874e-07,
                    "an squamosus": 1.7967383314498875e-07
                }
            },
            {
                "start": 9.6,
                "end": 11.52,
                "species": "ma uniformis",
                "predictions": {
                    "ma uniformis": 0.9384447932243347,
                    "an arabiensis": 0.060068678110837936,
                    "culex pipiens complex": 0.001358737121336162,
                    "an coustani": 0.00011043900303775445,
                    "an squamosus": 5.035494268668117e-06,
                    "ae aegypti": 4.749150321003981e-06,
                    "an funestus ss": 3.869605734507786e-06,
                    "ma africanus": 3.822714916168479e-06
                }
            },
            {
                "start": 11.52,
                "end": 13.44,
                "species": "ma uniformis",
                "predictions": {
                    "ma uniformis": 0.9992120265960693,
                    "culex pipiens complex": 0.0006559453904628754,
                    "an arabiensis": 0.0001267715124413371,
                    "an coustani": 2.5315341645182343e-06,
                    "an squamosus": 8.66954508182971e-07,
                    "ae aegypti": 7.393960004264954e-07,
                    "an funestus ss": 6.74404304845666e-07,
                    "ma africanus": 3.5523157748684753e-07
                }
            },
            {
                "start": 13.44,
                "end": 15.36,
                "species": "ma uniformis",
                "predictions": {
                    "ma uniformis": 0.9999047517776489,
                    "culex pipiens complex": 8.613881072960794e-05,
                    "an arabiensis": 8.246679499279708e-06,
                    "an coustani": 5.256343342807668e-07,
                    "ae aegypti": 1.7104652272337262e-07,
                    "an funestus ss": 8.018249531005495e-08,
                    "an squamosus": 5.900468735831055e-08,
                    "ma africanus": 2.4549709820576027e-08
                }
            },
            {
                "start": 15.36,
                "end": 17.28,
                "species": "ma uniformis",
                "predictions": {
                    "ma uniformis": 0.9999716281890869,
                    "an arabiensis": 2.7558495276025496e-05,
                    "an coustani": 4.4371850549396186e-07,
                    "culex pipiens complex": 2.712911566504772e-07,
                    "an funestus ss": 4.260434849356898e-08,
                    "ae aegypti": 3.0141766416136306e-08,
                    "an squamosus": 2.1578768993890662e-08,
                    "ma africanus": 1.7481688985299115e-08
                }
            },
            {
                "start": 32.64,
                "end": 34.56,
                "species": "ma uniformis",
                "predictions": {
                    "ma uniformis": 0.9999279975891113,
                    "culex pipiens complex": 3.7847614294150844e-05,
                    "an arabiensis": 2.2872176486998796e-05,
                    "an coustani": 6.930297786311712e-06,
                    "an squamosus": 3.0682906526635634e-06,
                    "ma africanus": 7.309985221581883e-07,
                    "ae aegypti": 3.4276769156349474e-07,
                    "an funestus ss": 1.2995461418086052e-07
                }
            },
            {
                "start": 34.56,
                "end": 36.480000000000004,
                "species": "ma uniformis",
                "predictions": {
                    "ma uniformis": 0.9999874830245972,
                    "an arabiensis": 7.889811968198046e-06,
                    "culex pipiens complex": 4.342441570770461e-06,
                    "an coustani": 1.2565415374865552e-07,
                    "an funestus ss": 8.210484736537182e-08,
                    "ae aegypti": 7.212332064909788e-08,
                    "an squamosus": 2.535110787960093e-08,
                    "ma africanus": 1.9312313526143043e-08
                }
            },
            {
                "start": 36.480000000000004,
                "end": 38.400000000000006,
                "species": "ma uniformis",
                "predictions": {
                    "ma uniformis": 0.9999986886978149,
                    "culex pipiens complex": 9.159390970125969e-07,
                    "an arabiensis": 2.971299863929744e-07,
                    "an squamosus": 1.954275319349108e-08,
                    "an coustani": 1.887145373302701e-08,
                    "an funestus ss": 1.3791543906904735e-08,